{"loss": [9.026151657104492], "val_loss": [5.982316970825195]}